<?xml version="1.0" ?>
<XML_DIZ_INFO>
	<MASTER_PAD_VERSION_INFO>
		<MASTER_PAD_VERSION>3.01</MASTER_PAD_VERSION>
		<MASTER_PAD_EDITOR>PADGen 3.0.1.37 http://www.padgen.org</MASTER_PAD_EDITOR>
		<MASTER_PAD_INFO>Portable Application Description, or PAD for short, is a data set that is used by shareware authors to disseminate information to anyone interested in their software products. To find out more go to http://www.asp-shareware.org/pad</MASTER_PAD_INFO>
	</MASTER_PAD_VERSION_INFO>
	<Company_Info>
		<Company_Name>Rod Gerstad</Company_Name>
		<Address_1>None</Address_1>
		<Address_2>None</Address_2>
		<City_Town>None</City_Town>
		<State_Province>None</State_Province>
		<Zip_Postal_Code />
		<Country>UK</Country>
		<Company_WebSite_URL>http://sourgumdrop.org.uk</Company_WebSite_URL>
		<Contact_Info>
			<Author_First_Name>Rod</Author_First_Name>
			<Author_Last_Name>Gerstad</Author_Last_Name>
			<Author_Email>rodg@sourgumdrop.org.uk</Author_Email>
			<Contact_First_Name>Rod</Contact_First_Name>
			<Contact_Last_Name>Gerstad</Contact_Last_Name>
			<Contact_Email>rodg@sourgumdrop.org.uk</Contact_Email>
		</Contact_Info>
		<Support_Info>
			<Sales_Email>rodg@sourgumdrop.org.uk</Sales_Email>
			<Support_Email>rodg@sourgumdrop.org.uk</Support_Email>
			<General_Email>rodg@sourgumdrop.org.uk</General_Email>
			<Sales_Phone />
			<Support_Phone />
			<General_Phone />
			<Fax_Phone />
		</Support_Info>
	</Company_Info>
	<Program_Info>
		<Program_Name>Minestein</Program_Name>
		<Program_Version>2.00</Program_Version>
		<Program_Release_Month>2</Program_Release_Month>
		<Program_Release_Day>18</Program_Release_Day>
		<Program_Release_Year>2011</Program_Release_Year>
		<Program_Cost_Dollars>0</Program_Cost_Dollars>
		<Program_Cost_Other_Code />
		<Program_Cost_Other />
		<Program_Type>Freeware</Program_Type>
		<Program_Release_Status>Minor update</Program_Release_Status>
		<Program_Install_Support>No Install Support</Program_Install_Support>
		<Program_OS_Support>WinXP,Windows Vista Starter,Windows Vista Home Basic,Windows Vista Home Premium,Windows Vista Home Basic x64,Windows Vista Home Premium x64,Windows 7,Unix,Linux,Linux Console,Linux Gnome,Linux GPL,Linux Open Source</Program_OS_Support>
		<Program_Language>English</Program_Language>
		<Program_Change_Info>Now works on small screens like Netbooks.</Program_Change_Info>
		<Program_Specific_Category>Games</Program_Specific_Category>
		<Program_Category_Class>Games &amp; Entertainment::Puzzle &amp; Word Games</Program_Category_Class>
		<Program_System_Requirements>Python and Python-tk</Program_System_Requirements>
		<File_Info>
			<File_Size_Bytes>179695</File_Size_Bytes>
			<File_Size_K>179</File_Size_K>
			<File_Size_MB>0.18</File_Size_MB>
		</File_Info>
		<Expire_Info>
			<Has_Expire_Info>N</Has_Expire_Info>
			<Expire_Count />
			<Expire_Based_On>Days</Expire_Based_On>
			<Expire_Other_Info />
			<Expire_Month />
			<Expire_Day />
			<Expire_Year />
		</Expire_Info>
	</Program_Info>
	<Program_Descriptions>
		<English>
			<Keywords>free download,source code,linux,minestein, mine, cell count, grid size, flags, mines, guessing, no guessing, logical, original, 3bv, minimum 3bv, minesweeper difficulty, minesweeper using logic, minesweeper hint, learn minesweeper, flagged mines</Keywords>
                        <Char_Desc_45>A Minesweeper game with no guessing</Char_Desc_45>
			
                        <Char_Desc_80>A Minesweeper game with no guessing, plus a hint system</Char_Desc_80>
			
                        <Char_Desc_250>Minestein is a Minesweeper game that has puzzles which can be solved entirely by logic, plus a two stage hint system</Char_Desc_250>
			
                        <Char_Desc_450>Minestein is a Minesweeper game that has puzzles which can be solved entirely by logic. It has a two stage hint system and can provide puzzles with a minimum difficulty rating as measure in 3BV scores. The source code is included.</Char_Desc_450>
			
                        <Char_Desc_2000>Minestein is a Minesweeper game that has puzzles which can be solved entirely by logic. It ha a two stage hint system and can provide puzzles with a minimum difficulty rating as measured in 3BV scores. The source code is included. It can also provide random puzzles like traditional Minesweeper games. Configurable options: Users can set: the grid size, the number of mines, the minimum 3BV score, select sets of standard puzzles, to use puzzles that can be solved by logic, to use puzzles that require guessing, which algorithms are used to create the puzzles and provide hints. Toolbar: The toolbar includes buttons to request a hint. The first click identifies a logically solvable cell. Then a second click sets the answer for the cell if the user cannot work out the solution. The toolbar also has buttons to provide the answer for a cell or the whole grid, and to start a new game.</Char_Desc_2000>
		</English>
	</Program_Descriptions>
	<Web_Info>
		<Application_URLs>
			<Application_Info_URL>http://sourgumdrop.org.uk/minestein_1.html</Application_Info_URL>
			<Application_Order_URL>http://sourgumdrop.org.uk/all_downloads.html</Application_Order_URL>
			<Application_Screenshot_URL>http://sourgumdrop.org.uk/images/minesweeper_v2.png</Application_Screenshot_URL>
			<Application_Icon_URL>http://sourgumdrop.org.uk/pad/Minestein_icon.png</Application_Icon_URL>
			<Application_XML_File_URL>http://sourgumdrop.org.uk/pad/Minestein_pad_file.xml</Application_XML_File_URL>
		</Application_URLs>
		<Download_URLs>
			<Primary_Download_URL>http://sourgumdrop.org.uk/pad/Minestein.zip</Primary_Download_URL>
			<Secondary_Download_URL />
			<Additional_Download_URL_1 />
			<Additional_Download_URL_2 />
		</Download_URLs>
	</Web_Info>
	<Permissions>
		<Distribution_Permissions>GPL see http://www.gnu.org/copyleft/gpl.html</Distribution_Permissions>
		<EULA>GPL see http://www.gnu.org/copyleft/gpl.html</EULA>
	</Permissions>
</XML_DIZ_INFO>
