<?xml version="1.0" encoding="UTF-8"?>
<device name="1200x600"
        xmlns="http://www.microemu.org/2.0.2/"
        xmlns:xsi="http://www.w3.org/2001/XMLSchema-instance"
        xsi:schemaLocation="http://www.microemu.org/2.0.2/ http://www.microemu.org/2.0.2/device.xsd">
    <!-- img is used here for the backward compatibility, can be removed in version 3 -->
    <img name="normal" src="normal.png" />
    <display>
        <iscolor>true</iscolor>
        <numcolors>16777216</numcolors>
        <numalphalevels>4096</numalphalevels>
        <foreground>000000</foreground>
        <background>ffffff</background>
        <rectangle>
            <x>0</x>
            <y>0</y>
            <width>1200</width>
            <height>600</height>
        </rectangle>
        <paintable>
            <x>22</x>
            <y>22</y>
            <width>1100</width>
            <height>550</height>
        </paintable>
        <icon name="up">
            <paintable>
                <x>544</x>
                <y>574</y>
                <width>12</width>
                <height>12</height>
            </paintable>
            <img name="normal" src="/org/microemu/device/default/up.png"/>
            <img name="pressed" src="/org/microemu/device/default/up-pressed.png"/>
        </icon>
        <icon name="down">
            <paintable>
                <x>544</x>
                <y>574</y>
                <width>12</width>
                <height>12</height>
            </paintable>
            <img name="normal" src="/org/microemu/device/default/down.png"/>
            <img name="pressed" src="/org/microemu/device/default/down-pressed.png"/>
        </icon>
        <status name="input">
            <paintable>
                <x>22</x>
                <y>4</y>
                <width>14</width>
                <height>7</height>
            </paintable>
            <img name="123" src="/org/microemu/device/default/123.png"/>
            <img name="ABC" src="/org/microemu/device/default/abc_upper.png"/>
            <img name="abc" src="/org/microemu/device/default/abc_lower.png"/>
        </status>
    </display>
    <fonts hint="antialiasing"></fonts>
    <input>
        <haspointerevents>true</haspointerevents>
        <haspointermotionevents>true</haspointermotionevents>
        <hasrepeatevents>true</hasrepeatevents>
        <softbutton name="SOFT1" alignment="LEFT" key="VK_F1">
            <paintable>
                <x>22</x>
                <y>574</y>
                <width>69</width>
                <height>16</height>
            </paintable>
            <font face="system" style="plain" size="large"/>
            <command>BACK</command>
            <command>EXIT</command>
            <command>CANCEL</command>
            <command>STOP</command>
        </softbutton>
        <softbutton name="SOFT2" alignment="RIGHT" key="VK_F2">
            <paintable>
                <x>1052</x>
                <y>574</y>
                <width>69</width>
                <height>16</height>
            </paintable>
            <font face="system" style="plain" size="large"/>
            <command>OK</command>
            <command>SCREEN</command>
            <command>ITEM</command>
            <command>HELP</command>
        </softbutton>
        <button name="LEFT" key="VK_LEFT">
        </button>
        <button name="RIGHT" key="VK_RIGHT">
        </button>
        <button name="UP" key="VK_UP">
        </button>
        <button name="DOWN" key="VK_DOWN">
        </button>
        <button name="SELECT" key="VK_ENTER">
        </button>
        <button name="0" key="VK_0">
            <chars>
		<char>0</char>
                <char>)</char>
                <char/>
            </chars>
        </button>
        <button name="1" key="VK_1">
            <chars>
		<char>1</char>
                <char>.</char>
                <char>,</char>
                <char>?</char>
                <char>!</char>
                <char>:</char>
                <char>;</char>
                <char>-</char>
                <char>+</char>
                <char>#</char>
                <char>*</char>
                <char>[</char>
                <char>]</char>
                <char>(</char>
                <char>)</char>
                <char>'</char>
                <char>&quot;</char>
                <char>_</char>
                <char>@</char>
                <char>&amp;</char>
                <char>$</char>
                <char>%</char>
                <char>/</char>
                <char>&lt;</char>
                <char>&gt;</char>
                <char>=</char>
            </chars>
            <chars input="123">
                <char>1</char>
                <char>.</char>
                <char>-</char>
                <char>(</char>
                <char>)</char>
                <char>+</char>
            </chars>
        </button>
        <button name="2" key="VK_2">
            <chars>
                <char>2</char>
                <char>a</char>
                <char>b</char>
                <char>c</char>
                <char>@</char>
            </chars>
        </button>
        <button name="3" key="VK_3">
            <chars>
                <char>3</char>
                <char>d</char>
                <char>e</char>
                <char>f</char>
                <char>#</char>
            </chars>
        </button>
        <button name="4" key="VK_4">
            <chars>
                <char>4</char>
                <char>g</char>
                <char>h</char>
                <char>i</char>
                <char>$</char>
            </chars>
        </button>
        <button name="5" key="VK_5">
            <chars>
                <char>5</char>
                <char>j</char>
                <char>k</char>
                <char>l</char>
                <char>%</char>
            </chars>
        </button>
        <button name="6" key="VK_6">
            <chars>
                <char>6</char>
                <char>m</char>
                <char>n</char>
                <char>o</char>
                <char>^</char>
            </chars>
        </button>
        <button name="7" key="VK_7">
            <chars>
                <char>7</char>
                <char>p</char>
                <char>q</char>
                <char>r</char>
                <char>s</char>
                <char>&amp;</char>
            </chars>
        </button>
        <button name="8" key="VK_8">
            <chars>
                <char>8</char>
                <char>t</char>
                <char>u</char>
                <char>v</char>
                <char>*</char>
            </chars>
        </button>
        <button name="9" key="VK_9">
            <chars>
                <char>9</char>
                <char>w</char>
                <char>x</char>
                <char>y</char>
                <char>z</char>
                <char>(</char>
            </chars>
        </button>
        <button name="ASTERISK" key="VK_MODECHANGE">
            <chars>
                <char>*</char>
                <char>+</char>
            </chars>
        </button>
        <button name="POUND" modeChange="true" key="VK_MULTIPLY">
        </button>
    </input>
</device>
