{"UY": {"longitude": -56, "latitude": -33}, "TH": {"longitude": 100, "latitude": 15}, "HU": {"longitude": 20, "latitude": 47}, "HT": {"longitude": -72.4167, "latitude": 19}, "HR": {"longitude": 15.5, "latitude": 45.1667}, "FM": {"longitude": 158.25, "latitude": 6.9167}, "WF": {"longitude": -176.2, "latitude": -13.3}, "HM": {"longitude": 72.5167, "latitude": -53.1}, "HN": {"longitude": -86.5, "latitude": 15}, "HK": {"longitude": 114.1667, "latitude": 22.25}, "FJ": {"longitude": 175, "latitude": -18}, "VN": {"longitude": 106, "latitude": 16}, "ZA": {"longitude": 24, "latitude": -29}, "TG": {"longitude": 1.1667, "latitude": 8}, "SK": {"longitude": 19.5, "latitude": 48.6667}, "UG": {"longitude": 32, "latitude": 1}, "GY": {"longitude": -59, "latitude": 5}, "VI": {"longitude": -64.8333, "latitude": 18.3333}, "GP": {"longitude": -61.5833, "latitude": 16.25}, "GQ": {"longitude": 10, "latitude": 2}, "GR": {"longitude": 22, "latitude": 39}, "GS": {"longitude": -37, "latitude": -54.5}, "GT": {"longitude": -90.25, "latitude": 15.5}, "OM": {"longitude": 57, "latitude": 21}, "VA": {"longitude": 12.45, "latitude": 41.9}, "GW": {"longitude": -15, "latitude": 12}, "GH": {"longitude": -2, "latitude": 8}, "GI": {"longitude": -5.3667, "latitude": 36.1833}, "GL": {"longitude": -40, "latitude": 72}, "GM": {"longitude": -16.5667, "latitude": 13.4667}, "GN": {"longitude": -10, "latitude": 11}, "GA": {"longitude": 11.75, "latitude": -1}, "GB": {"longitude": -2, "latitude": 54}, "GD": {"longitude": -61.6667, "latitude": 12.1167}, "GE": {"longitude": 43.5, "latitude": 42}, "GF": {"longitude": -53, "latitude": 4}, "BJ": {"longitude": 2.25, "latitude": 9.5}, "BI": {"longitude": 30, "latitude": -3.5}, "BH": {"longitude": 50.55, "latitude": 26}, "BO": {"longitude": -65, "latitude": -17}, "BN": {"longitude": 114.6667, "latitude": 4.5}, "BM": {"longitude": -64.75, "latitude": 32.3333}, "VU": {"longitude": 167, "latitude": -16}, "BB": {"longitude": -59.5333, "latitude": 13.1667}, "BA": {"longitude": 18, "latitude": 44}, "BG": {"longitude": 25, "latitude": 43}, "BF": {"longitude": -2, "latitude": 13}, "BE": {"longitude": 4, "latitude": 50.8333}, "GU": {"longitude": 144.7833, "latitude": 13.4667}, "BZ": {"longitude": -88.75, "latitude": 17.25}, "BY": {"longitude": 28, "latitude": 53}, "ZM": {"longitude": 30, "latitude": -15}, "BS": {"longitude": -76, "latitude": 24.25}, "BR": {"longitude": -55, "latitude": -10}, "BW": {"longitude": 24, "latitude": -22}, "BV": {"longitude": 3.4, "latitude": -54.4333}, "BT": {"longitude": 90.5, "latitude": 27.5}, "JP": {"longitude": 138, "latitude": 36}, "TK": {"longitude": -172, "latitude": -9}, "ST": {"longitude": 7, "latitude": 1}, "VG": {"longitude": -64.5, "latitude": 18.5}, "YT": {"longitude": 45.1667, "latitude": -12.8333}, "ZW": {"longitude": 30, "latitude": -20}, "JO": {"longitude": 36, "latitude": 31}, "JM": {"longitude": -77.5, "latitude": 18.25}, "QA": {"longitude": 51.25, "latitude": 25.5}, "AN": {"longitude": -68.75, "latitude": 12.25}, "AO": {"longitude": 18.5, "latitude": -12.5}, "AL": {"longitude": 20, "latitude": 41}, "AM": {"longitude": 45, "latitude": 40}, "AI": {"longitude": -63.1667, "latitude": 18.25}, "AF": {"longitude": 65, "latitude": 33}, "AG": {"longitude": -61.8, "latitude": 17.05}, "AD": {"longitude": 1.5, "latitude": 42.5}, "AE": {"longitude": 54, "latitude": 24}, "SV": {"longitude": -88.9167, "latitude": 13.8333}, "AZ": {"longitude": 47.5, "latitude": 40.5}, "AW": {"longitude": -69.9667, "latitude": 12.5}, "AT": {"longitude": 13.3333, "latitude": 47.3333}, "AU": {"longitude": 133, "latitude": -27}, "AR": {"longitude": -64, "latitude": -34}, "AS": {"longitude": -170, "latitude": -14.3333}, "AP": {"longitude": 105, "latitude": 35}, "AQ": {"longitude": 0, "latitude": -90}, "IT": {"longitude": 12.8333, "latitude": 42.8333}, "IR": {"longitude": 53, "latitude": 32}, "IS": {"longitude": -18, "latitude": 65}, "IQ": {"longitude": 44, "latitude": 33}, "PT": {"longitude": -8, "latitude": 39.5}, "PW": {"longitude": 134.5, "latitude": 7.5}, "PS": {"longitude": 35.25, "latitude": 32}, "PR": {"longitude": -66.5, "latitude": 18.25}, "PM": {"longitude": -56.3333, "latitude": 46.8333}, "PL": {"longitude": 20, "latitude": 52}, "ID": {"longitude": 120, "latitude": -5}, "IE": {"longitude": -8, "latitude": 53}, "PH": {"longitude": 122, "latitude": 13}, "PK": {"longitude": 70, "latitude": 30}, "PE": {"longitude": -76, "latitude": -10}, "IO": {"longitude": 71.5, "latitude": -6}, "PG": {"longitude": 147, "latitude": -6}, "PF": {"longitude": -140, "latitude": -15}, "PA": {"longitude": -80, "latitude": 9}, "IN": {"longitude": 77, "latitude": 20}, "US": {"longitude": -97, "latitude": 38}, "DE": {"longitude": 9, "latitude": 51}, "VE": {"longitude": -66, "latitude": 8}, "TW": {"longitude": 121, "latitude": 23.5}, "DK": {"longitude": 10, "latitude": 56}, "DJ": {"longitude": 43, "latitude": 11.5}, "DM": {"longitude": -61.3333, "latitude": 15.4167}, "DO": {"longitude": -70.6667, "latitude": 19}, "DZ": {"longitude": 3, "latitude": 28}, "LI": {"longitude": 9.5333, "latitude": 47.1667}, "SD": {"longitude": 30, "latitude": 15}, "LK": {"longitude": 81, "latitude": 7}, "SR": {"longitude": -56, "latitude": 4}, "TV": {"longitude": 178, "latitude": -8}, "LA": {"longitude": 105, "latitude": 18}, "LC": {"longitude": -61.1333, "latitude": 13.8833}, "LB": {"longitude": 35.8333, "latitude": 33.8333}, "SY": {"longitude": 38, "latitude": 35}, "SZ": {"longitude": 31.5, "latitude": -26.5}, "LY": {"longitude": 17, "latitude": 25}, "SE": {"longitude": 15, "latitude": 62}, "SG": {"longitude": 103.8, "latitude": 1.3667}, "SA": {"longitude": 45, "latitude": 25}, "SB": {"longitude": 159, "latitude": -8}, "SC": {"longitude": 55.6667, "latitude": -4.5833}, "SL": {"longitude": -11.5, "latitude": 8.5}, "SM": {"longitude": 12.4167, "latitude": 43.7667}, "LS": {"longitude": 28.5, "latitude": -29.5}, "LR": {"longitude": -9.5, "latitude": 6.5}, "LU": {"longitude": 6, "latitude": 49.75}, "LT": {"longitude": 24, "latitude": 55}, "SJ": {"longitude": 20, "latitude": 78}, "LV": {"longitude": 25, "latitude": 57}, "CD": {"longitude": 25, "latitude": 0}, "VC": {"longitude": -61.2, "latitude": 13.25}, "CF": {"longitude": 21, "latitude": 7}, "CG": {"longitude": 15, "latitude": -1}, "CA": {"longitude": -100, "latitude": 54}, "CC": {"longitude": 96.8333, "latitude": -12.5}, "CL": {"longitude": -71, "latitude": -30}, "CM": {"longitude": 12, "latitude": 6}, "CN": {"longitude": 105, "latitude": 35}, "CO": {"longitude": -72, "latitude": 4}, "CH": {"longitude": 8, "latitude": 47}, "CI": {"longitude": -5, "latitude": 8}, "CK": {"longitude": -159.7667, "latitude": -21.2333}, "CU": {"longitude": -80, "latitude": 21.5}, "CV": {"longitude": -24, "latitude": 16}, "TR": {"longitude": 35, "latitude": 39}, "CR": {"longitude": -84, "latitude": 10}, "PY": {"longitude": -58, "latitude": -23}, "BD": {"longitude": 90, "latitude": 24}, "CX": {"longitude": 105.6667, "latitude": -10.5}, "CY": {"longitude": 33, "latitude": 35}, "CZ": {"longitude": 15.5, "latitude": 49.75}, "TT": {"longitude": -61, "latitude": 11}, "KM": {"longitude": 44.25, "latitude": -12.1667}, "KN": {"longitude": -62.75, "latitude": 17.3333}, "SO": {"longitude": 49, "latitude": 10}, "KH": {"longitude": 105, "latitude": 13}, "KI": {"longitude": 173, "latitude": 1.4167}, "RS": {"longitude": 21, "latitude": 44}, "KE": {"longitude": 38, "latitude": 1}, "KG": {"longitude": 75, "latitude": 41}, "RW": {"longitude": 30, "latitude": -2}, "RU": {"longitude": 100, "latitude": 60}, "SI": {"longitude": 15, "latitude": 46}, "RO": {"longitude": 25, "latitude": 46}, "KY": {"longitude": -80.5, "latitude": 19.5}, "KZ": {"longitude": 68, "latitude": 48}, "KW": {"longitude": 47.6581, "latitude": 29.3375}, "KP": {"longitude": 127, "latitude": 40}, "KR": {"longitude": 127.5, "latitude": 37}, "TZ": {"longitude": 35, "latitude": -6}, "WS": {"longitude": -172.3333, "latitude": -13.5833}, "TN": {"longitude": 9, "latitude": 34}, "TM": {"longitude": 60, "latitude": 40}, "NG": {"longitude": 8, "latitude": 10}, "NF": {"longitude": 167.95, "latitude": -29.0333}, "NE": {"longitude": 8, "latitude": 16}, "NC": {"longitude": 165.5, "latitude": -21.5}, "RE": {"longitude": 55.6, "latitude": -21.1}, "NA": {"longitude": 17, "latitude": -22}, "NO": {"longitude": 10, "latitude": 62}, "NL": {"longitude": 5.75, "latitude": 52.5}, "FR": {"longitude": 2, "latitude": 46}, "NI": {"longitude": -85, "latitude": 13}, "FO": {"longitude": -7, "latitude": 62}, "NU": {"longitude": -169.8667, "latitude": -19.0333}, "UA": {"longitude": 32, "latitude": 49}, "FK": {"longitude": -59, "latitude": -51.75}, "NR": {"longitude": 166.9167, "latitude": -0.5333}, "FI": {"longitude": 26, "latitude": 62}, "NP": {"longitude": 84, "latitude": 28}, "SN": {"longitude": -14, "latitude": 14}, "NZ": {"longitude": 174, "latitude": -41}, "UM": {"longitude": 166.6, "latitude": 19.2833}, "EC": {"longitude": -77.5, "latitude": -2}, "EG": {"longitude": 30, "latitude": 27}, "EE": {"longitude": 26, "latitude": 59}, "EH": {"longitude": -13, "latitude": 24.5}, "TF": {"longitude": 67, "latitude": -43}, "ER": {"longitude": 39, "latitude": 15}, "ES": {"longitude": -4, "latitude": 40}, "YE": {"longitude": 48, "latitude": 15}, "ET": {"longitude": 38, "latitude": 8}, "EU": {"longitude": 8, "latitude": 47}, "TO": {"longitude": -175, "latitude": -20}, "IL": {"longitude": 34.75, "latitude": 31.5}, "MK": {"longitude": 22, "latitude": 41.8333}, "MH": {"longitude": 168, "latitude": 9}, "TJ": {"longitude": 71, "latitude": 39}, "MN": {"longitude": 105, "latitude": 46}, "MO": {"longitude": 113.55, "latitude": 22.1667}, "ML": {"longitude": -4, "latitude": 17}, "MM": {"longitude": 98, "latitude": 22}, "MC": {"longitude": 7.4, "latitude": 43.7333}, "MA": {"longitude": -5, "latitude": 32}, "MG": {"longitude": 47, "latitude": -20}, "MD": {"longitude": 29, "latitude": 47}, "ME": {"longitude": 19.4, "latitude": 42.5}, "MZ": {"longitude": 35, "latitude": -18.25}, "UZ": {"longitude": 64, "latitude": 41}, "MX": {"longitude": -102, "latitude": 23}, "MY": {"longitude": 112.5, "latitude": 2.5}, "TD": {"longitude": 19, "latitude": 15}, "TC": {"longitude": -71.5833, "latitude": 21.75}, "SH": {"longitude": -5.7, "latitude": -15.9333}, "MR": {"longitude": -12, "latitude": 20}, "MS": {"longitude": -62.2, "latitude": 16.75}, "MP": {"longitude": 145.75, "latitude": 15.2}, "MQ": {"longitude": -61, "latitude": 14.6667}, "MV": {"longitude": 73, "latitude": 3.25}, "MW": {"longitude": 34, "latitude": -13.5}, "MT": {"longitude": 14.5833, "latitude": 35.8333}, "MU": {"longitude": 57.55, "latitude": -20.2833}}